{
    "installed":{
        "client_id":"781115238279-19nidot6a03vuju8dmvhjvjmeadso977.apps.googleusercontent.com",
        "project_id":"project-sales-419818",
        "auth_uri":"https://accounts.google.com/o/oauth2/auth",
        "token_uri":"https://oauth2.googleapis.com/token",
        "auth_provider_x509_cert_url":"https://www.googleapis.com/oauth2/v1/certs",
        "client_secret":"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",
        "redirect_uris":[
            "http://localhost/google-callback"
        ]
    }
}